{
  "config": {
    "npz": "data\\eval_mix.npz",
    "ckpt": "checkpoints\\best.pt",
    "batch": 128,
    "win": 16,
    "top_frac": 0.01,
    "n_boot": 30,
    "seed": 0,
    "fpr_points": [
      0.01,
      0.001
    ]
  },
  "bootstrap_summary": {
    "tail": {
      "roc_auc": {
        "mean": 0.453061091138933,
        "std": 0.010722293924502625
      },
      "pr_auc": {
        "mean": 0.5003498074807975,
        "std": 0.012213061290239472
      },
      "tpr_at_fpr_0.01": {
        "mean": 0.02587762204893908,
        "std": 0.006652254576570497
      },
      "tpr_at_fpr_0.001": {
        "mean": 0.0034690447927511483,
        "std": 0.0026610789648603876
      }
    },
    "plane": {
      "roc_auc": {
        "mean": 0.5869843490520109,
        "std": 0.01055036016886072
      },
      "pr_auc": {
        "mean": 0.6726607556185553,
        "std": 0.00983930762496445
      },
      "tpr_at_fpr_0.01": {
        "mean": 0.22693288175450016,
        "std": 0.009984965003188583
      },
      "tpr_at_fpr_0.001": {
        "mean": 0.21090928335754466,
        "std": 0.0101247718113664
      }
    },
    "temporal": {
      "roc_auc": {
        "mean": 0.5261245613877128,
        "std": 0.00783133806811878
      },
      "pr_auc": {
        "mean": 0.5265270905841297,
        "std": 0.010840023412237353
      },
      "tpr_at_fpr_0.01": {
        "mean": 0.016114146331942546,
        "std": 0.0038234020559969138
      },
      "tpr_at_fpr_0.001": {
        "mean": 0.003848337768496504,
        "std": 0.002413974277071926
      }
    },
    "frame_baseline": {
      "roc_auc": {
        "mean": 0.626343472899304,
        "std": 0.008665640401806606
      },
      "pr_auc": {
        "mean": 0.7008206830703229,
        "std": 0.008726936109507002
      },
      "tpr_at_fpr_0.01": {
        "mean": 0.247397303822645,
        "std": 0.013174614711434367
      },
      "tpr_at_fpr_0.001": {
        "mean": 0.20984441634403117,
        "std": 0.01489232013301423
      }
    }
  }
}